{
    "keys": [
        {
            "kty": "RSA",
            "kid": "/privateKey.pem",
            "e": "AQAB",
            "n": "livFI8qB4D0y2jy0CfEqFyy46R0o7S8TKpsx5xbHKoU1VWg6QkQm-ntyIv1
                  p4kE1sPEQO73-HY8-Bzs75XwRTYL1BmR1w8J5hmjVWjc6R2BTBGAYRPFRho
                  r3kpM6ni2SPmNNhurEAHw7TaqszP5eUF_F9-KEBWkwVta-PZ37bwqSE4sCb
                  1soZFrVz_UT_LF4tYpuVYt3YbqToZ3pZOZ9AX2o1GCG3xwOjkc4x0W7ezbQ
                  ZdC9iftPxVHR8irOijJRRjcPDtA6vPKpzLl6CyYnsIYPd99ltwxTHjr3npf
                  v_3Lw50bAkbT4HeLFxTx4flEoZLKO_g0bAoV2uqBhkA9xnQ"
        }
    ]
}
